sample_id	protein_count	missing_count	missing_pct	high_missing
S1	240	19	7.916667	FALSE
S2	240	29	12.083333	FALSE
S3	240	53	22.083333	TRUE
S4	240	65	27.083333	TRUE
S5	240	71	29.583333	TRUE
S6	240	39	16.250000	FALSE
S7	240	67	27.916667	TRUE
S8	240	26	10.833333	FALSE
S9	240	14	5.833333	FALSE
