sample_id	pc1	pc1_z	abs_pc1_z	outlier
OUT_002	6.420000	3.210000	3.210000	TRUE
OUT_001	6.110000	3.050000	3.050000	TRUE
OUT_003	5.940000	2.970000	2.970000	TRUE
OUT_004	-5.860000	-2.930000	2.930000	TRUE
OUT_006	-5.730000	-2.870000	2.870000	TRUE
OUT_005	-5.610000	-2.810000	2.810000	TRUE
POP_C_005	3.520000	1.760000	1.760000	FALSE
POP_A_014	-3.440000	-1.720000	1.720000	FALSE
POP_B_010	0.180000	0.090000	0.090000	FALSE
