set_id	guide_count	mean_lfc	unstable_pct	fail
CTRL_A	60	-0.029033	8.333333	FALSE
CTRL_B	60	-0.058533	8.333333	FALSE
CTRL_C	60	-0.211624	20.000000	TRUE
CTRL_D	60	-0.291596	26.666667	TRUE
CTRL_E	60	-0.203298	15.000000	FALSE
CTRL_F	60	-0.210383	31.666667	TRUE
CTRL_G	60	-0.149761	11.666667	FALSE
