cluster	mean_marker_expression	enriched
C1	2.231912	FALSE
C2	6.656087	TRUE
C3	2.106947	FALSE
C4	2.015841	FALSE
C5	7.043125	TRUE
C6	2.232360	FALSE
C7	2.027510	FALSE
