gene	hotspot_score	rank
G_HOT_C	4.088729	1
G_HOT_D	3.979245	2
G_HOT_B	3.963926	3
G_HOT_A	3.891867	4
G_BG_5	0.117621	5
G_BG_4	0.045235	6
G_BG_1	0.020412	7
G_BG_2	-0.009715	8
G_BG_3	-0.129853	9
G_BG_6	-0.144434	10
